Release_name,url,project,owner,domain,main language,forks,stars,last_version_stable,release_number,Contributors,Commits
linux,https://github.com/torvalds/linux,torvalds,linux,,C,21331,57955,4.16,554,,752313
redis,https://github.com/antirez/redis,antirez,redis,,C,11087,28697,4.0.9,204,246,6715
netdata,https://github.com/firehol/netdata,firehol,netdata,,C,2422,28991,1.10.0,15,158,6721
git,https://github.com/git/git,git,git,,C,12800,21960,2.17.0,684,1187,50926
ijkplayer,https://github.com/Bilibili/ijkplayer,Bilibili,ijkplayer,,C,5264,18692,k0.8.8,78,41,2584
the_silver_searcher,https://github.com/ggreer/the_silver_searcher,ggreer,the_silver_searcher,,C,961,14987,2.1.0,48,183,1980
emscripten,https://github.com/kripken/emscripten,kripken,emscripten,,C,1718,14513,1.37.38,276,323,18176
php-src,https://github.com/php/php-src,php,php-src,,C,4764,17377,php-7.2.5,887,540,107299
grpc,https://github.com/grpc/grpc,grpc,grpc,,C,3320,14897,1.11.0,99,335,32107
vim,https://github.com/vim/vim,vim,vim,,C,1571,12425,v8.0.1763,6858,1,8377
jq,https://github.com/stedolan/jq,stedolan,jq,,C,650,11275,1.5,9,88,1184
toxcore,https://github.com/irungentoo/toxcore,irungentoo,toxcore,,C,1116,8383,master,1,162,3770
FFmpeg,https://github.com/FFmpeg/FFmpeg,FFmpeg,FFmpeg,,C,4452,10604,n4.0,294,954,90859
tmux,https://github.com/tmux/tmux,tmux,tmux,,C,712,9977,2.7,21,11,6996
torch7,https://github.com/torch/torch7,torch,torch7,,C,2270,7864,master,0,132,1335
libuv,https://github.com/libuv/libuv,libuv,libuv,,C,1511,9069,1.20.2,201,300,4028
twemproxy,https://github.com/twitter/twemproxy,twitter,twemproxy,,C,1503,7793,0.4.1,13,52,490
Arduino,https://github.com/arduino/Arduino,arduino,Arduino,,C,6223,8039,1.8.5,77,220,6649
nuklear,https://github.com/vurtun/nuklear,vurtun,nuklear,,C,691,10023,master,0,76,1589
obs-studio,https://github.com/obsproject/obs-studio,obsproject,obs-studio,,C,2125,9183,21.1.1,76,197,5462
h2o,https://github.com/h2o/h2o,h2o,h2o,,C,573,7364,2.2.4,69,83,5229
masscan,https://github.com/robertdavidgraham/masscan,robertdavidgraham,masscan,,C,1349,7965,1.0.5,8,31,494
memcached,https://github.com/memcached/memcached,memcached,memcached,,C,2344,7629,1.5.7,74,119,1466
swoole-src,https://github.com/swoole/swoole-src,swoole,swoole-src,,C,2094,8545,2.1.3,254,71,5681
disque,https://github.com/antirez/disque,antirez,disque,,C,478,6753,1.0,1,53,602
robotjs,https://github.com/octalmage/robotjs,octalmage,robotjs,,C,377,6925,0.5.1,33,36,528
libgit2,https://github.com/libgit2/libgit2,libgit2,libgit2,,C,1649,6448,0.27.0,58,332,11009
openpilot,https://github.com/commaai/openpilot,commaai,openpilot,,C,1820,7461,0.4.1,21,20,158
mpv,https://github.com/mpv-player/mpv,mpv-player,mpv,,C,1049,7757,0.28.2,71,246,46433
ccv,https://github.com/liuliu/ccv,liuliu,ccv,,C,1558,6158,master,0,5,903
CodeHub,https://github.com/CodeHubApp/CodeHub,CodeHubApp,CodeHub,,C#,455,14655,2.17.0.1,39,6,572
corefx,https://github.com/dotnet/corefx,dotnet,corefx,,C#,3957,13821,1.0.11,36,592,28379
shadowsocks-windows,https://github.com/shadowsocks/shadowsocks-windows,shadowsocks,shadowsocks-windows,,C#,9048,21534,4.0.9,36,45,1107
coreclr,https://github.com/dotnet/coreclr,dotnet,coreclr,,C#,2318,9234,2.0.7,37,464,16827
roslyn,https://github.com/dotnet/roslyn,dotnet,roslyn,,C#,2199,9213,15.6,86,274,34064
PowerShell,https://github.com/PowerShell/PowerShell,PowerShell,PowerShell,,C#,1538,10064,v6.1.0-preview.1,45,197,6008
Dapper,https://github.com/StackExchange/Dapper,StackExchange,Dapper,,C#,2425,8449,1.50.4,54,132,1290
SignalR,https://github.com/SignalR/SignalR,SignalR,SignalR,,C#,2106,7075,2.2.2,39,76,4593
Wox,https://github.com/Wox-launcher/Wox,Wox-launcher,Wox,,C#,926,9038,1.3.524,25,64,1587
ShareX,https://github.com/ShareX/ShareX,ShareX,ShareX,,C#,1197,7677,12.1.1,56,141,4723
mono,https://github.com/mono/mono,mono,mono,,C#,2864,6458,5.10.1.38,397,568,114556
Nancy,https://github.com/NancyFx/Nancy,NancyFx,Nancy,,C#,1386,6046,1.4.4,47,268,5448
EntityFrameworkCore,https://github.com/aspnet/EntityFrameworkCore,aspnet,EntityFrameworkCore,,C#,1618,5805,2.0.1,36,110,5369
AutoMapper,https://github.com/AutoMapper/AutoMapper,AutoMapper,AutoMapper,,C#,1282,5390,6.2.2,42,104,2785
Newtonsoft.Json,https://github.com/JamesNK/Newtonsoft.Json,JamesNK,Newtonsoft.Json,,C#,2015,5491,11.0.2,59,76,1684
Mvc,https://github.com/aspnet/Mvc,aspnet,Mvc,,C#,2060,5228,1.1.5,38,131,4055
RestSharp,https://github.com/restsharp/RestSharp,restsharp,RestSharp,,C#,1647,5275,v105.2.3,26,167,1396
MonoGame,https://github.com/MonoGame/MonoGame,MonoGame,MonoGame,,C#,2079,5054,3.6,12,242,11766
OpenRA,https://github.com/OpenRA/OpenRA,OpenRA,OpenRA,,C#,1524,5176,release-20180307,354,230,24792
BotBuilder,https://github.com/Microsoft/BotBuilder,Microsoft,BotBuilder,,C#,1994,5056,3.15.0.0,87,121,2149
ServiceStack,https://github.com/ServiceStack/ServiceStack,ServiceStack,ServiceStack,,C#,1482,4201,5.1.0,41,246,9496
SparkleShare,https://github.com/hbons/SparkleShare,hbons,SparkleShare,,C#,543,3975,2.0.1,3,137,4557
MahApps,https://github.com/MahApps/MahApps.Metro,MahApps,MahApps.Metro,,C#,1665,4657,1.6.1,34,141,4622
PushSharp,https://github.com/Redth/PushSharp,Redth,PushSharp,,C#,1524,3945,4.0.10,6,30,535
ILSpy,https://github.com/icsharpcode/ILSpy,icsharpcode,ILSpy,,C#,1281,5063,3.1,25,57,3702
CefSharp,https://github.com/cefsharp/CefSharp,cefsharp,CefSharp,,C#,1670,4275,v63.0.3,71,122,4593
MaterialDesignInXamlToolkit,https://github.com/ButchersBoy/MaterialDesignInXamlToolkit,ButchersBoy,MaterialDesignInXamlToolkit,,C#,947,4505,2.4.0,16,45,1417
choco,https://github.com/chocolatey/choco,chocolatey,choco,,C#,433,4039,0.10.10,46,64,2657
ReactiveUI,https://github.com/reactiveui/ReactiveUI,reactiveui,ReactiveUI,,C#,713,3652,7.4.0,89,104,3836
Opserver,https://github.com/opserver/Opserver,opserver,Opserver,,C#,689,3381,0.1,1,48,954
electron,https://github.com/electron/electron,electron,electron,,C++,7748,59284,1.8.4,323,748,18799
tensonflow,https://github.com/tensorflow/tensorflow,tensorflow,tensorflow,,C++,61869,97403,1.7.0,55,1445,32295
swift,https://github.com/apple/swift,apple,swift,,C++,6827,43551,4.1,731,573,69227
nw.js,https://github.com/nwjs/nw.js,nwjs,nw.js,,C++,3735,33604,0.30.0,169,97,3196
caffe,https://github.com/BVLC/caffe,BVLC,caffe,,C++,14584,23853,1.0,14,267,4128
rethinkdb,https://github.com/rethinkdb/rethinkdb,rethinkdb,rethinkdb,,C++,1675,21148,2.3.6,135,143,33383
protobuf,https://github.com/google/protobuf,google,protobuf,,C++,7271,25479,3.5.0.1,46,384,5589
opencv,https://github.com/opencv/opencv,opencv,opencv,,C++,17306,24070,3.4.1,63,879,23849
bitcoin,https://github.com/bitcoin/bitcoin,bitcoin,bitcoin,,C++,18550,30885,0.16.0,192,535,16946
hhvm,https://github.com/facebook/hhvm,facebook,hhvm,,C++,2763,15278,3.25.2,140,542,26954
tesseract,https://github.com/tesseract-ocr/tesseract,tesseract-ocr,tesseract,,C++,3702,17978,4.0.0-beta.1,22,73,2419
CNTK,https://github.com/Microsoft/CNTK,Microsoft,CNTK,,C++,3810,14306,2.5.1,36,181,15636
mongo,https://github.com/mongodb/mongo,mongodb,mongo,,C++,3547,13601,3.7.7,515,334,41834
cocos2d-x,https://github.com/cocos2d/cocos2d-x,cocos2d,cocos2d-x,,C++,6516,11844,cocos2d-x-3.16,94,609,36651
leveldb,https://github.com/google/leveldb,google,leveldb,,C++,3347,13480,1.20,18,19,188
guetzli,https://github.com/google/guetzli,google,guetzli,,C++,924,11131,1.0.1,5,18,140
osquery,https://github.com/facebook/osquery,facebook,osquery,,C++,1350,12148,3.2.4,87,199,4264
mars,https://github.com/Tencent/mars,Tencent,mars,,C++,2030,10524,1.2.1,4,19,387
folly,https://github.com/facebook/folly,facebook,folly,,C++,2579,10506,v2018.04.23.00,122,335,5266
godot,https://github.com/godotengine/godot,godotengine,godot,,C++,3098,14815,3.0.2-stable,16,596,13953
rocksdb,https://github.com/facebook/rocksdb,facebook,rocksdb,,C++,2281,10419,5.12.4,170,366,7065
xgboost,https://github.com/dmlc/xgboost,dmlc,xgboost,,C++,5337,11742,0.71,9,276,3264
flatbuffers,https://github.com/google/flatbuffers,google,flatbuffers,,C++,1454,9316,1.9.0,14,225,1327
uWebSockets,https://github.com/uNetworking/uWebSockets,uNetworking,uWebSockets,,C++,706,8927,0.14.8,22,48,904
imgui,https://github.com/ocornut/imgui,ocornut,imgui,,C++,1399,10659,1.60,47,116,4298
CRYENGINE,https://github.com/CRYTEK/CRYENGINE,CRYTEK,CRYENGINE,,C++,1472,7928,5.5.0_preview1,20,34,2913
mosh,https://github.com/mobile-shell/mosh,mobile-shell,mosh,,C++,466,7289,1.3.2,21,57,1348
sqlitebrowser,https://github.com/sqlitebrowser/sqlitebrowser,sqlitebrowser,sqlitebrowser,,C++,1045,8527,3.10.1,22,80,2292
hardseed,https://github.com/yangyangwithgnu/hardseed,yangyangwithgnu,hardseed,,C++,1761,7736,master,0,2,197
v8,https://github.com/v8/v8,v8,v8,,C++,1900,8883,6.8.76,10939,252,47313
FiraCode,https://github.com/tonsky/FiraCode,tonsky,FiraCode,,Clojure,677,22622,1.205,17,55,567
LightTable,https://github.com/LightTable/LightTable,LightTable,LightTable,,Clojure,875,10123,0.8.1,13,75,1234
clojurescript,https://github.com/clojure/clojurescript,clojure,clojurescript,,Clojure,670,7624,1.10.238,185,174,5379
om,https://github.com/omcljs/om,omcljs,om,,Clojure,368,6445,1.0.0-beta3,100,17,1962
leiningen,https://github.com/technomancy/leiningen,technomancy,leiningen,,Clojure,1363,5875,2.8.1,65,321,4512
overtone,https://github.com/overtone/overtone,overtone,overtone,,Clojure,392,4294,0.10.3,18,58,3022
icepick,https://github.com/frankiesardo/icepick,frankiesardo,icepick,,Clojure,202,3633,3.1.0,13,13,253
riemann,https://github.com/riemann/riemann,riemann,riemann,,Clojure,497,3553,0.3.0,22,117,1669
compojure,https://github.com/weavejester/compojure,weavejester,compojure,,Clojure,227,3389,1.6.1,62,34,939
alda,https://github.com/alda-lang/alda,alda-lang,alda,,Clojure,188,2915,1.0.0-rc81,23,120,807
mori,https://github.com/swannodette/mori,swannodette,mori,,Clojure,131,2937,0.3.2,13,19,310
reagent,https://github.com/reagent-project/reagent,reagent-project,reagent,,Clojure,223,3010,0.8.0,27,35,999
datascript,https://github.com/tonsky/datascript,tonsky,datascript,,Clojure,186,2870,0.16.4,49,34,389
re-frame,https://github.com/Day8/re-frame,Day8,re-frame,,Clojure,376,3154,0.10.5,32,105,1721
jepsen,https://github.com/jepsen-io/jepsen,jepsen-io,jepsen,,Clojure,365,3053,0.1.8,11,61,1393
ring,https://github.com/ring-clojure/ring,ring-clojure,ring,,Clojure,406,2536,1.6.3,83,103,979
lein-figwheel,https://github.com/bhauman/lein-figwheel,bhauman,lein-figwheel,,Clojure,205,2468,0.5.15,29,88,1595
quil,https://github.com/quil/quil,quil,quil,,Clojure,134,2089,2.7.1,24,35,969
incanter,https://github.com/incanter/incanter,incanter,incanter,,Clojure,279,1963,1.9.2,17,82,1282
aleph,https://github.com/ztellman/aleph,ztellman,aleph,,Clojure,182,1972,0.4.5-alpha6,66,65,1273
instaparse,https://github.com/Engelberg/instaparse,Engelberg,instaparse,,Clojure,114,1932,1.4.8,36,24,782
pedestal,https://github.com/pedestal/pedestal,pedestal,pedestal,,Clojure,219,1880,0.5.3,25,59,1403
schema,https://github.com/plumatic/schema,plumatic,schema,,Clojure,225,1831,schema-1.1.9,44,58,791
hiccup,https://github.com/weavejester/hiccup,weavejester,hiccup,,Clojure,138,1735,2.0.0-alpha1,28,26,271
onyx,https://github.com/onyx-platform/onyx,onyx-platform,onyx,,Clojure,177,1722,0.12.7,191,47,6672
specter,https://github.com/nathanmarz/specter,nathanmarz,specter,,Clojure,68,1657,1.1.1,25,18,838
core.async,https://github.com/clojure/core.async,clojure,core.async,,Clojure,158,1480,core.async-0.4.474,31,18,480
enlive,https://github.com/cgrand/enlive,cgrand,enlive,,Clojure,144,1421,master,0,21,320
cascalog,https://github.com/nathanmarz/cascalog,nathanmarz,cascalog,,Clojure,178,1323,2.1.1,20,43,1366
Midje,https://github.com/marick/Midje,marick,Midje,,Clojure,118,1376,v.1.3-alpha5,35,35,2417
atom,https://github.com/atom/atom,atom,atom,,CoffeScript,9110,44616,1.26.0,459,405,34787
coffeescript,https://github.com/jashkenas/coffeescript,jashkenas,coffeescript,,CoffeScript,1972,14689,2.2.4,91,218,4690
trix,https://github.com/basecamp/trix,basecamp,trix,,CoffeScript,431,8635,0.11.2,22,19,2326
zxcvbn,https://github.com/dropbox/zxcvbn,dropbox,zxcvbn,,CoffeScript,562,8687,4.4.2,30,33,379
vimium,https://github.com/philc/vimium,philc,vimium,,CoffeScript,1114,8890,v1.63.3,17,112,4091
SwitchyOmega,https://github.com/FelisCatus/SwitchyOmega,FelisCatus,SwitchyOmega,,CoffeScript,1601,9185,2.5.10,69,29,444
morris.js,https://github.com/morrisjs/morris.js,morrisjs,morris.js,,CoffeScript,1208,6749,0.5.1,20,39,421
marp,https://github.com/yhatt/marp,yhatt,marp,,CoffeScript,374,6672,0.0.12,11,14,319
bacon.js,https://github.com/baconjs/bacon.js,baconjs,bacon.js,,CoffeScript,339,5892,2.0.7,201,85,2561
codecombat,https://github.com/codecombat/codecombat,codecombat,codecombat,,CoffeScript,3154,6198,0,0,571,14650
At.js,https://github.com/ichord/At.js,ichord,At.js,,CoffeScript,634,4838,v1.4.1,42,53,609
sharelatex,https://github.com/sharelatex/sharelatex,sharelatex,sharelatex,,CoffeScript,598,4894,0.1.3,7,17,268
chroma.js,https://github.com/gka/chroma.js,gka,chroma.js,,CoffeScript,371,5074,1.3.5,21,20,362
turbolinks,https://github.com/turbolinks/turbolinks,turbolinks,turbolinks,,CoffeScript,372,6204,5.1.1,11,21,281
turbolinks-classic,https://github.com/turbolinks/turbolinks-classic,turbolinks,turbolinks-classic,,CoffeScript,469,3619,2.5.4,17,86,707
pow,https://github.com/basecamp/pow,basecamp,pow,,CoffeScript,259,3457,0.6.0,25,24,536
Log.io,https://github.com/NarrativeScience/Log.io,NarrativeScience,Log.io,,CoffeScript,556,3610,0.3.4,13,2,107
activate-power-mode,https://github.com/JoelBesada/activate-power-mode,JoelBesada,activate-power-mode,,CoffeScript,456,3464,2.7.0,32,16,255
pdfkit,https://github.com/devongovett/pdfkit,devongovett,pdfkit,,CoffeScript,545,3888,0.8.0,13,45,438
aglio,https://github.com/danielgtaylor/aglio,danielgtaylor,aglio,,CoffeScript,389,3728,2.3.0,67,29,283
wintersmith,https://github.com/jnordberg/wintersmith,jnordberg,wintersmith,,CoffeScript,337,3331,2.4.1,43,41,451
Keypress,https://github.com/dmauro/Keypress,dmauro,Keypress,,CoffeScript,322,3141,2.1.5,11,21,210
chaplin,https://github.com/chaplinjs/chaplin,chaplinjs,chaplin,,CoffeScript,253,2958,1.0.0,19,80,1676
docpad,https://github.com/docpad/docpad,docpad,docpad,,CoffeScript,252,2964,v6.80.0-beta,243,43,1356
yakyak,https://github.com/yakyak/yakyak,yakyak,yakyak,,CoffeScript,284,3331,1.5.0,47,71,1440
node-xml2js,https://github.com/Leonidas-from-XIV/node-xml2js,Leonidas-from-XIV,node-xml2js,,CoffeScript,368,3131,0.4.19,37,56,371
taiga-front,https://github.com/taigaio/taiga-front,taigaio,taiga-front,,CoffeScript,594,2854,3.3.0,40,27,5143
angular-google-maps,https://github.com/angular-ui/angular-google-maps/releases,angular-ui,angular-google-maps,,CoffeScript,1112,2593,2.4.1,96,109,2094
sticky-kit,https://github.com/leafo/sticky-kit,leafo,sticky-kit,,CoffeScript,515,2752,1.1.2,8,14,158
pivottable,https://github.com/nicolaskruchten/pivottable,nicolaskruchten,pivottable,,CoffeScript,712,2775,2.20.0,43,30,741
ecto,https://github.com/elixir-ecto/ecto,elixir-ecto,ecto,,Elixir,832,3453,2.2.9,98,415,4015
phoenix,https://github.com/phoenixframework/phoenix,phoenixframework,phoenix,,Elixir,1413,11660,1.3.2,63,636,5461
elixir,https://github.com/elixir-lang/elixir,elixir-lang,elixir,,Elixir,1871,12786,1.6.4,88,736,14302
credo,https://github.com/rrrene/credo,rrrene,credo,,Elixir,172,2408,0.9.2,63,95,1440
magnetissimo,https://github.com/sergiotapia/magnetissimo,sergiotapia,magnetissimo,,Elixir,135,2107,1.0,1,7,148
guardian,https://github.com/ueberauth/guardian,ueberauth,guardian,,Elixir,222,2138,1.0.1,16,99,373
plug,https://github.com/elixir-plug/plug,elixir-plug,plug,,Elixir,362,1726,1.5.0,74,171,1168
edeliver,https://github.com/edeliver/edeliver,edeliver,edeliver,,Elixir,131,1494,1.5.0,35,41,801
distillery,https://github.com/bitwalker/distillery,bitwalker,distillery,,Elixir,220,1733,1.5.2,49,100,611
poison,https://github.com/devinus/poison,devinus,poison,,Elixir,162,1403,3.1.0,20,29,205
changelog.com,https://github.com/thechangelog/changelog.com,thechangelog,changelog.com,,Elixir,129,1340,master,0,34,1888
dynamo,https://github.com/dynamo/dynamo,dynamo,dynamo,,Elixir,157,1096,elixir-0.13.1,13,58,698
httpotion,https://github.com/myfreeweb/httpotion,myfreeweb,httpotion,,Elixir,102,639,2.0.0,16,43,249
exactor,https://github.com/sasa1977/exactor,sasa1977,exactor,,Elixir,20,534,2.2.4,21,11,247
postgrex,https://github.com/elixir-ecto/postgrex,elixir-ecto,postgrex,,Elixir,150,543,0.13.5,39,66,859
weber,https://github.com/elixir-web/weber,elixir-web,weber,,Elixir,38,377,0.1.1,7,25,620
sugar,https://github.com/sugar-framework/sugar,sugar-framework,sugar,,Elixir,27,360,0.4.9,13,13,281
amrita,https://github.com/josephwilk/amrita,josephwilk,amrita,,Elixir,30,205,0.3.0,12,15,635
atlas,https://github.com/chrismccord/atlas,chrismccord,atlas,,Elixir,17,196,master,0,4,121
elixirscript,https://github.com/elixirscript/elixirscript,elixirscript,elixirscript,,Elixir,53,1165,0.32.1,40,22,1319
ex_machina,https://github.com/thoughtbot/ex_machina,thoughtbot,ex_machina,,Elixir,90,979,2.2.0,14,40,202
hound,https://github.com/HashNuke/hound,HashNuke,hound,,Elixir,102,974,1.0.1,46,20,573
maru,https://github.com/elixir-maru/maru,elixir-maru,maru,,Elixir,69,973,0.13.1,59,22,474
ex_admin,https://github.com/smpallen99/ex_admin,smpallen99,ex_admin,,Elixir,246,966,0.7.1,8,56,727
quantum-core,https://github.com/quantum-elixir/quantum-core,quantum-elixir,quantum-core,,Elixir,73,958,2.2.7,46,44,593
exrm,https://github.com/bitwalker/exrm,bitwalker,exrm,,Elixir,124,950,1.0.8,108,57,661
timex,https://github.com/bitwalker/timex,bitwalker,timex,,Elixir,210,906,3.2.2,103,115,920
bamboo,https://github.com/thoughtbot/bamboo,thoughtbot,bamboo,,Elixir,169,891,v1.0.0-rc2,4,63,260
floki,https://github.com/philss/floki,philss,floki,,Elixir,71,832,0.20.1,43,33,295
coherence,https://github.com/smpallen99/coherence,smpallen99,coherence,,Elixir,149,813,0.5.0,10,59,414
go,https://github.com/golang/go,golang,go,,Go,5522,40700,1.10,207,1055,36255
kubernetes,https://github.com/kubernetes/kubernetes,kubernetes,kubernetes,,Go,12549,35747,1.9.7,378,1655,64601
moby,https://github.com/moby/moby,moby,moby,,Go,14279,48589,17.03.2,198,1761,35011
lantern,https://github.com/getlantern/lantern,getlantern,lantern,,Go,8064,34334,4.5.9,54,210,6088
gogs,https://github.com/gogits/gogs,gogits,gogs,,Go,2804,24376,0.11.43,51,374,4896
hugo,https://github.com/gohugoio/hugo,gohugoio,hugo,,Go,3072,25118,0.40,57,529,4237
grafana,https://github.com/grafana/grafana,grafana,grafana,,Go,3784,21343,5.0.4,90,644,14294
syncthing,https://github.com/syncthing/syncthing,syncthing,syncthing,,Go,1724,20226,0.14.46,306,154,4706
etcd,https://github.com/coreos/etcd,coreos,etcd,,Go,3541,17959,3.2.18,137,430,13818
caddy,https://github.com/mholt/caddy,mholt,caddy,,Go,1282,16849,0.10.14,41,209,2148
beego,https://github.com/astaxie/beego,astaxie,beego,,Go,3288,15049,1.9.2,23,230,3023
influxdb,https://github.com/influxdata/influxdb,influxdata,influxdb,,Go,1907,13213,1.5.2,219,299,13549
gin,https://github.com/gin-gonic/gin,gin-gonic,gin,,Go,1958,16753,1.2,15,150,1054
hub,https://github.com/github/hub,github,hub,,Go,1254,12694,v2.3.0-pre10,68,155,2536
prometheus,https://github.com/prometheus/prometheus,prometheus,prometheus,,Go,2024,16026,2.2.1,102,239,4921
ngrok,https://github.com/inconshreveable/ngrok,inconshreveable,ngrok,,Go,2130,13194,1.7.1,21,24,328
cockroach,https://github.com/cockroachdb/cockroach,cockroachdb,cockroach,,Go,1372,13264,1.1.8,99,195,28960
drone,https://github.com/drone/drone,drone,drone,,Go,1493,14044,0.8.5,25,230,3233
cayley,https://github.com/cayleygraph/cayley,cayleygraph,cayley,,Go,989,11271,0.7.3,11,65,1252
nsq,https://github.com/nsqio/nsq,nsqio,nsq,,Go,1579,12093,v1.0.0-compat,27,79,1892
consul,https://github.com/hashicorp/consul,hashicorp,consul,,Go,2129,11971,1.0.7,55,401,7631
fzf,https://github.com/junegunn/fzf,junegunn,fzf,,Go,573,14150,0.17.3,81,90,1531
martini,https://github.com/go-martini/martini,go-martini,martini,,Go,1055,10062,1.0,3,96,591
tidb,https://github.com/pingcap/tidb,pingcap,tidb,,Go,1756,12889,1.0.9,26,177,6635
traefik,https://github.com/containous/traefik,containous,traefik,,Go,1464,14807,v1.6.0-rc6,218,261,2407
terraform,https://github.com/hashicorp/terraform,hashicorp,terraform,,Go,3827,11866,0.11.7,103,1208,21504
revel,https://github.com/revel/revel,revel,revel,,Go,1235,9756,0.19.1,21,120,1505
websocketd,https://github.com/joewalnes/websocketd,joewalnes,websocketd,,Go,517,9324,0.3.0,24,32,280
gotty,https://github.com/yudai/gotty,yudai,gotty,,Go,606,10202,v2.0.0-alpha.3,16,23,230
echo,https://github.com/labstack/echo,labstack,echo,,Go,879,10167,3.3.5,57,102,1204
postgrest,https://github.com/begriffs/postgrest,begriffs,postgrest,,Haskell,468,10668,0.4.4.0,34,62,1373
pandoc,https://github.com/jgm/pandoc,jgm,pandoc,,Haskell,1357,11439,2.1.3,111,225,10770
shellcheck,https://github.com/koalaman/shellcheck,koalaman,shellcheck,,Haskell,564,10688,0.4.7,19,64,1005
elm-compiler,https://github.com/elm-lang/elm-compiler,elm-lang,elm-compiler,,Haskell,328,4486,0.18.0,24,71,4839
purescript,https://github.com/purescript/purescript,purescript,purescript,,Haskell,371,4708,0.11.17,71,141,3816
Haxl,https://github.com/facebook/Haxl,facebook,Haxl,,Haskell,264,3123,0.5.1.0,2,22,176
stack,https://github.com/commercialhaskell/stack,commercialhaskell,stack,,Haskell,567,2671,1.7.0.3,43,281,5809
Idris-dev,https://github.com/idris-lang/Idris-dev,idris-lang,Idris-dev,,Haskell,573,2396,1.2.0,39,281,9470
yesod,https://github.com/yesodweb/yesod,yesodweb,yesod,,Haskell,315,1925,1.6.3,773,186,4618
ghcjs,https://github.com/ghcjs/ghcjs,ghcjs,ghcjs,,Haskell,141,1924,0,0,37,1075
corrode,https://github.com//jameysharp/corrode,jameysharp,corrode,,Haskell,94,1784,master,0,21,411
ghc,https://github.com/ghc/ghc,ghc,ghc,,Haskell,502,1835,8.4.2,84,405,49691
hakyll,https://github.com/jaspervdj/hakyll,jaspervdj,hakyll,,Haskell,316,1760,4.12.1.0,165,144,1722
IHaskell,https://github.com/gibiansky/IHaskell,gibiansky,IHaskell,,Haskell,182,1672,GRC7,23,65,1487
gitit,https://github.com/jgm/gitit,jgm,gitit,,Haskell,173,1520,0.12.2.1,63,49,1408
eta,https://github.com/typelead/eta,typelead,eta,,Haskell,113,1811,0.7.0b2,24,30,1849
lamdu,https://github.com/lamdu/lamdu,lamdu,lamdu,,Haskell,55,1386,master,0,16,6801
HLearn,https://github.com/mikeizbicki/HLearn,mikeizbicki,HLearn,,Haskell,128,1390,2.0.0.0,2,13,743
haste-compiler,https://github.com/valderman/haste-compiler,valderman,haste-compiler,,Haskell,104,1283,0.6.0.0,36,43,1786
unison,https://github.com/unisonweb/unison,unisonweb,unison,,Haskell,46,1248,remove-codegen-v1 ,1,16,1702
fay,https://github.com/faylang/fay,faylang,fay,,Haskell,90,116,0.24.0.0-r1 ,116,41,1088
lens,https://github.com/ekmett/lens,ekmett,lens,,Haskell,196,1284,4.16.1,127,109,3983
yi,https://github.com/yi-editor/yi,yi-editor,yi,,Haskell,166,1186,0.17.1,30,101,5942
scotty,https://github.com/scotty-web/scotty,scotty-web,scotty,,Haskell,120,1201,0.11.1,11,47,411
Carp,https://github.com/carp-lang/Carp,carp-lang,Carp,,Haskell,76,2088,master,0,22,2480
zsh-git-prompt,https://github.com/olivierverdier/zsh-git-prompt,olivierverdier,zsh-git-prompt,,Haskell,236,1101,0.5,6,8,149
HaLVM,https://github.com/GaloisInc/HaLVM,GaloisInc,HaLVM,,Haskell,76,891,master,0,14,385
servant,https://github.com/haskell-servant/servant,haskell-servant,servant,,Haskell,217,949,0.13.0.1,41,117,1740
cabal,https://github.com/haskell/cabal,haskell,cabal,,Haskell,435,836,cabal-install-v2.0.0.0,140,272,10012
cgrep,https://github.com/awgn/cgrep,awgn,cgrep,,Haskell,36,656,6.6.24,76,9,615
RxJava,https://github.com/ReactiveX/RxJava,ReactiveX,RxJava,,Java,5698,32570,1.3.8,197,199,5337
retrofit-parent,https://github.com/square/retrofit,square,retrofit,,Java,5363,27517,1.6.0,41,119,1572
elasticsearch,https://github.com/elastic/elasticsearch,elastic,elasticsearch,,Java,10559,30447,6.2.4,214,989,30678
okhttp,https://github.com/square/okhttp,square,okhttp,,Java,6123,26247,3.10.0,52,156,3156
guava,https://github.com/google/guava,google,guava,,Java,5444,23689,24.1,76,140,4691
butterknife,https://github.com/JakeWharton/butterknife,JakeWharton,butterknife,,Java,4124,20861,8.8.1,38,75,836
MPAndroidChart,https://github.com/PhilJay/MPAndroidChart,PhilJay,MPAndroidChart,,Java,6008,21765,3.0.3,42,57,1938
glide,https://github.com/bumptech/glide,bumptech,glide,,Java,4188,21342,4.7.0,34,78,2199
leakcanary,https://github.com/square/leakcanary,square,leakcanary,,Java,3073,19192,1.5.4,10,45,452
EventBus,https://github.com/greenrobot/EventBus,greenrobot,EventBus,,Java,4011,18045,3.0.0,5,20,480
Android-Universal-Image-Loader,https://github.com/nostra13/Android-Universal-Image-Loader,nostra13,Android-Universal-Image-Loader,,Java,6464,16076,1.9.5,15,35,1025
spring-framework,https://github.com/spring-projects/spring-framework,spring-projects,spring-framework,,Java,3117,13611,4.3.16,124,276,16465
spring-boot,https://github.com/spring-projects/spring-boot,spring-projects,spring-boot,,Java,18071,23813,1.5.12,96,448,16372
zxing,https://github.com/zxing/zxing,zxing,zxing,,Java,7389,18304,3.3.2,24,84,3426
lottie-android,https://github.com/airbnb/lottie-android,airbnb,lottie-android,,Java,3102,20332,2.5.4,33,44,907
picasso,https://github.com/square/picasso,square,picasso,,Java,3822,15367,2.71828,21,86,1198
iosched,https://github.com/google/iosched,google,iosched,,Java,5318,15500,2015,7,41,1548
RxAndroid,https://github.com/ReactiveX/RxAndroid,ReactiveX,RxAndroid,,Java,2564,15725,2.0.2,16,57,461
fresco,https://github.com/facebook/fresco,facebook,fresco,,Java,3540,14406,1.9.0,33,120,1633
AndroidUtilCode,https://github.com/Blankj/AndroidUtilCode,Blankj,AndroidUtilCode,,Java,5709,17583,1.14.0,59,17,835
libgdx,https://github.com/libgdx/libgdx,libgdx,libgdx,,Java,5627,13753,gdx-parent-1.9.8,44,411,13206
PhotoView,https://github.com/chrisbanes/PhotoView,chrisbanes,PhotoView,,Java,3315,12945,2.0.0,30,17,425
netty,https://github.com/netty/netty,netty,netty,,Java,6215,13717,netty-4.1.24.Final,190,323,8750
material-dialogs,https://github.com/afollestad/material-dialogs,afollestad,material-dialogs,,Java,2398,13132,0.9.6.0,96,75,1560
SlidingMenu,https://github.com/jfeinstein10/SlidingMenu,jfeinstein10,SlidingMenu,,Java,5509,10957,master,0,21,336
Hystrix,https://github.com/Netflix/Hystrix,Netflix,Hystrix,,Java,2680,13377,1.5.13,146,107,2100
incubator-dubbo,https://github.com/apache/incubator-dubbo,apache,incubator-dubbo,,Java,13010,18285,2.6.1,52,75,2237
fastjson,https://github.com/alibaba/fastjson,alibaba,fastjson,,Java,4114,13326,1.2.47,103,69,2701
android-async-http,https://github.com/loopj/android-async-http,loopj,android-async-http,,Java,4350,10215,1.4.9,11,77,874
tinker,https://github.com/Tencent/tinker,Tencent,tinker,,Java,2440,11750,1.9.6,22,16,295
react,https://github.com/facebook/react,facebook,react,,Javascript,17769,94281,16.3.2,89,1177,9827
d3,https://github.com/d3/d3,d3,d3,,Javascript,19153,75140,3-5.1.0,234,121,4138
bootstrap,https://github.com/angular-ui/bootstrap,angular-ui,bootstrap,,Javascript,7351,14648,2.5.6,60,383,2073
vue,https://github.com/vuejs/vue,vuejs,vue,,Javascript,13522,92044,42492,227,188,2588
angular,https://github.com/angular/angular.js,angular,angular.js,,Javascript,28906,58357,1.6.10,195,1598,8765
react-native,https://github.com/facebook/react-native,facebook,react-native,,Javascript,14927,63009,0.55.0,265,1650,13347
jquery,https://github.com/jquery/jquery,jquery,jquery,,Javascript,15425,48758,3.3.1,148,270,6318
meteor,https://github.com/meteor/meteor,meteor,meteor,,Javascript,4984,39646,1.6.1.1,1068,384,20883
html5-boilerplate,https://github.com/h5bp/html5-boilerplate,h5pb,html5-boilerplate,,Javascript,9613,40299,6.0.1,30,226,1631
node,https://github.com/nodejs/node,nodejs,node,,Javascript,10116,47955,9.11.1,487,1975,22070
Semantic-UI,https://github.com/Semantic-Org/Semantic-UI,Semantic-Org,Semantic-UI,,Javascript,4410,40874,2.3.1,155,188,6571
reveal.js,https://github.com/hakimel/reveal.js,hakimel,reveal.js,,Javascript,11831,40101,3.6.0,23,214,2102
socket.io,https://github.com/socketio/socket.io,socketio,socket.io,,Javascript,7695,1655,2.1.0,125,149,1700
three.js,https://github.com/mrdoob/three.js,mrdoob,three.js,,Javascript,15423,41305,r92,84,937,23218
express,https://github.com/expressjs/express,expressjs,express,,Javascript,6739,37904,4.16.3,275,220,5482
redux,https://github.com/reactjs/redux,reactjs,redux,,Javascript,9734,40446,4.0.0,56,583,2608
moment,https://github.com/moment/moment,moment,moment,,Javascript,5449,36634,2.22.1,72,475,3663
create-react-app,https://github.com/facebook/create-react-app,facebook,create-react-app,,Javascript,9721,47671,1.1.4,174,472,1495
impress.js,https://github.com/impress/impress.js,impress,impress.js,,Javascript,6775,33457,1.0.0,13,60,353
Chart.js,https://github.com/chartjs/Chart.js,chartjs,Chart.js,,Javascript,8692,36487,2.7.2,40,255,2524
resume.github.com,https://github.com/resume/resume.github.com,resume,resume.github.com,,Javascript,943,35844,master,0,49,263
webpack,https://github.com/webpack/webpack,webpack,webpack,,Javascript,5045,40270,4.6.0,282,439,6116
materialize,https://github.com/Dogfalo/materialize,Dogfalo,materialize,,Javascript,4478,32399,1.0.0-beta,41,250,3766
material-ui,https://github.com/mui-org/material-ui,mui-org,material-ui,,Javascript,6459,35230,v1.0.0-beta.43,150,733,7338
brackets,https://github.com/adobe/brackets,adobe,brackets,,Javascript,6266,28897,1.12,106,356,17660
jQuery-File-Upload,https://github.com/blueimp/jQuery-File-Upload,blueimp,jQuery-File-Upload,,Javascript,7730,28642,9.21.0,83,78,1051
gulp,https://github.com/gulpjs/gulp,gulpjs,gulp,,Javascript,4270,29311,4.0.0,20,209,1076
yarn,https://github.com/yarnpkg/yarn,yarnpkg,yarn,,Javascript,1740,31354,1.6.0,122,414,2029
backbone,https://github.com/jashkenas/backbone,jashkenas,backbone,,Javascript,5755,27128,1.3.3,30,295,3365
foundation-sites,https://github.com/zurb/foundation-sites,zurb,foundation-sites,,Javascript,5806,27249,6.4.3,133,982,15744
shadowsocks-android,https://github.com/shadowsocks/shadowsocks-android,shadowsocks,shadowsocks-android,,Kotlin,6621,14271,4.5.7,137,34,2400
kotlin,https://github.com/JetBrains/kotlin,JetBrains,kotlin,,Kotlin,2451,22044,1.2.40,10132,225,45615
anko,https://github.com/Kotlin/anko,Kotlin,anko,,Kotlin,856,10676,0.10.4,22,66,980
RxKotlin,https://github.com/ReactiveX/RxKotlin,ReactiveX,RxKotlin,,Kotlin,274,4106,2.2.0,33,36,211
SuperSLiM,https://github.com/TonicArtos/SuperSLiM,TonicArtos,SuperSLiM,,Kotlin,328,2093,4.13,24,1,177
kotlin-native,https://github.com/JetBrains/kotlin-native,JetBrains,kotlin-native,,Kotlin,241,3990,0.7,54,15,3702
sqldelight,https://github.com/square/sqldelight,square,sqldelight,,Kotlin,114,1675,0.7.0,19,21,837
intellij-rust,https://github.com/intellij-rust/intellij-rust,intellij-rust,intellij-rust,,Kotlin,170,1767,0,0,87,5444
Twidere-Android,https://github.com/TwidereProject/Twidere-Android,TwidereProject,Twidere-Android,,Kotlin,308,1642,3.7.0,322,24,2888
lwjgl3,https://github.com/LWJGL/lwjgl3,LWJGL,lwjgl3,,Kotlin,274,1683,3.1.6,10,23,2647
android-ktx,https://github.com/android/android-ktx,android,android-ktx,,Kotlin,515,6203,0.3,3,32,430
RxDownload,https://github.com/ssseasonnn/RxDownload,ssseasonnn,RxDownload,,Kotlin,493,3063,RxDownload3-v1.2.2,56,4,456
ktor,https://github.com/ktorio/ktor,ktorio,ktor,,Kotlin,202,2653,0.9.2,47,40,1985
kotlinx.coroutines,https://github.com/Kotlin/kotlinx.coroutines,Kotlin,kotlinx.coroutines,,Kotlin,259,2058,0.22.5,29,41,804
corda,https://github.com/corda/corda,corda,corda,,Kotlin,471,1812,3.1,52,70,5596
Fuel,https://github.com/kittinunf/Fuel,kittinunf,Fuel,,Kotlin,169,1691,1.12.1,35,36,418
tachiyomi,https://github.com/inorichi/tachiyomi,inorichi,tachiyomi,,Kotlin,277,1508,0.7.2,31,43,1400
tornadofx,https://github.com/edvin/tornadofx,edvin,tornadofx,,Kotlin,132,1503,1.7.15,43,49,2504
kotlin-dsl,https://github.com/gradle/kotlin-dsl,gradle,kotlin-dsl,,Kotlin,155,1479,0.16.3,33,21,1902
Bandhook-Kotlin,https://github.com/antoniolg/Bandhook-Kotlin,antoniolg,Bandhook-Kotlin,,Kotlin,292,1478,master,0,8,107
Exposed,https://github.com/JetBrains/Exposed,JetBrains,Exposed,,Kotlin,142,1440,0.10.2,37,40,923
arrow,https://github.com/arrow-kt/arrow,arrow-kt,arrow,,Kotlin,101,1321,0.7.1,20,71,3649
kotlinpoet,https://github.com/square/kotlinpoet,square,kotlinpoet,,Kotlin,72,1273,0.7.0,7,72,1102
spek,https://github.com/spekframework/spek,spekframework,spek,,Kotlin,128,1209,1.1.5,11,41,577
ktlint,https://github.com/shyiko/ktlint,shyiko,ktlint,,Kotlin,73,1130,0.22.0,43,12,429
tivi,https://github.com/chrisbanes/tivi,chrisbanes,tivi,,Kotlin,145,1103,0.1.9,8,10,529
koin,https://github.com/Ekito/koin,Ekito,koin,,Kotlin,53,1078,0.9.1,21,17,522
Kodein-DI,https://github.com/Kodein-Framework/Kodein-DI,Kodein-Framework,Kodein-DI,,Kotlin,57,1069,5.0.0,6,17,328
detekt,https://github.com/arturbosch/detekt,arturbosch,detekt,,Kotlin,93,1065,RC6-4,38,43,1764
mockito-kotlin,https://github.com/nhaarman/mockito-kotlin,nhaarman,mockito-kotlin,,Kotlin,93,1052,2.0.0-alpha03,40,12,229
neural-style,https://github.com/jcjohnson/neural-style,jcjohnson,neural-style,,Lua,2366,15628,0,0,13,169
kong,https://github.com/Kong/kong,Kong,kong,,Lua,1794,15566,0.13.1,49,103,3903
waifu2x,https://github.com/nagadomi/waifu2x,nagadomi,waifu2x,,Lua,1304,10965,0.13.1,5,21,527
openface,https://github.com/cmusatyalab/openface,cmusatyalab,openface,,Lua,2246,9737,0.2.1,4,23,727
dockercraft,https://github.com/docker/dockercraft,docker,dockercraft,,Lua,297,4846,0,0,11,200
pix2pix,https://github.com/phillipi/pix2pix,phillipi,pix2pix,,Lua,713,4673,0,0,12,113
VeryNginx,https://github.com/alexazhou/VeryNginx,alexazhou,VeryNginx,,Lua,619,4016,0.3.3,16,19,577
koreader,https://github.com/koreader/koreader,koreader,koreader,,Lua,535,3818,koreader-beta-20180412,181,72,6076
luvit,https://github.com/luvit/luvit,luvit,luvit,,Lua,306,2790,2.14.2,100,63,2837
visdom,https://github.com/facebookresearch/visdom,facebookresearch,visdom,,Lua,461,4005,0,0,40,144
lsyncd,https://github.com/axkibe/lsyncd,axkibe,lsyncd,,Lua,299,2844,2.2.3,14,26,802
snabb,https://github.com/snabbco/snabb,snabbco,snabb,,Lua,260,1961,2018.01.2,79,63,7773
moonscript,https://github.com/leafo/moonscript,leafo,moonscript,,Lua,148,1884,win32-v0.5.0,15,20,730
kali-nethunter,https://github.com/offensive-security/kali-nethunter,offensive-security,kali-nethunter,,Lua,660,2011,1.1.0,1,31,1236
tarantool,https://github.com/tarantool/tarantool,tarantool,tarantool,,Lua,190,1860,19.0,33,72,11296
torch-rnn,https://github.com/jcjohnson/torch-rnn,jcjohnson,torch-rnn,,Lua,436,1888,master,0,12,138
CorsixTH,https://github.com/CorsixTH/CorsixTH,CorsixTH,CorsixTH,,Lua,221,1764,0.61,26,61,3070
awesome,https://github.com/awesomeWM/awesome,awesomeWM,awesome,,Lua,271,1182,4.2,89,234,8998
ngx_lua_waf,https://github.com/loveshell/ngx_lua_waf,loveshell,ngx_lua_waf,,Lua,832,1819,0.7.2,2,9,167
ZeroBraneStudio,https://github.com/pkulchenko/ZeroBraneStudio,pkulchenko,ZeroBraneStudio,,Lua,400,1599,1.7.0,33,36,3705
OpenNMT,https://github.com/OpenNMT/OpenNMT,OpenNMT,OpenNMT,,Lua,358,1665,0.9.7,21,36,1674
awesome-copycats,https://github.com/lcpz/awesome-copycats,lcpz,awesome-copycats,,Lua,336,1448,master,0,22,742
fbcunn,https://github.com/facebookarchive/fbcunn,facebookarchive,fbcunn,,Lua,259,1089,1.0,1,17,110
middleclass,https://github.com/kikito/middleclass,kikito,middleclass,,Lua,108,966,4.1.1,13,9,216
hawkthorne-journey,https://github.com/hawkthorne/hawkthorne-journey,hawkthorne,hawkthorne-journey,,Lua,369,795,1.04,116,61,5537
sailor,https://github.com/sailorproject/sailor,sailorproject,sailor,,Lua,121,789,0.5,6,24,624
telize,https://github.com/fcambus/telize,fcambus,telize,,Lua,92,668,2.0.0,8,4,137
keyboard,https://github.com/jasonrudolph/keyboard,jasonrudolph,keyboard,,Lua,69,769,3.0.0,3,10,277
fblualib,https://github.com/facebookarchive/fblualib,facebookarchive,fblualib,,Lua,175,590,1.0,1,25,152
termtris,https://github.com/tylerneylon/termtris,tylerneylon,termtris,,Lua,35,397,master,0,1,108
JSPatch,https://github.com/bang590/JSPatch,bang590,JSPatch,,Objective-C,2167,10378,1.1.3,14,40,407
AFNetworking,https://github.com/AFNetworking/AFNetworking,AFNetworking,AFNetworking,,Objective-C,9576,30970,3.2.0,64,275,2813
SDWebImage,https://github.com/rs/SDWebImage,rs,SDWebImage,,Objective-C,5147,19778,4.3.3,51,215,1550
GPUImage,https://github.com/BradLarson/GPUImage,BradLarson,GPUImage,,Objective-C,4243,17329,0.1.7,8,124,1082
Masonry,https://github.com/SnapKit/Masonry,SnapKit,Masonry,,Objective-C,3049,16308,1.1.0,29,50,406
MBProgressHUD,https://github.com/jdg/MBProgressHUD,jdg,MBProgressHUD,,Objective-C,3402,14447,1.1.3,13,74,607
fmdb,https://github.com/ccgus/fmdb,ccgus,fmdb,,Objective-C,2721,12403,2.7.4,17,61,542
realm-cocoa,https://github.com/realm/realm-cocoa,realm,realm-cocoa,,Objective-C,1558,12075,3.4.0,205,97,10584
MJRefresh,https://github.com/CoderMJLee/MJRefresh,CoderMJLee,MJRefresh,,Objective-C,3389,11814,3.1.15.1,81,20,272
Mantle,https://github.com/Mantle/Mantle,Mantle,Mantle,,Objective-C,1475,10980,2.1.0,37,61,1208
YYKit,https://github.com/ibireme/YYKit,ibireme,YYKit,,Objective-C,3204,11909,1.0.9,24,20,312
MagicalRecord,https://github.com/magicalpanda/MagicalRecord,magicalpanda,MagicalRecord,,Objective-C,1874,10660,2.3.3,37,79,1021
RestKit,https://github.com/RestKit/RestKit,RestKit,RestKit,,Objective-C,2261,10256,0.27.2,34,162,3489
Alcatraz,https://github.com/alcatraz/Alcatraz,alcatraz,Alcatraz,,Objective-C,1254,10133,1.2.1,39,48,764
SVProgressHUD,https://github.com/SVProgressHUD/SVProgressHUD,SVProgressHUD,SVProgressHUD,,Objective-C,2271,10884,2.2.5,36,86,743
lottie-ios,https://github.com/airbnb/lottie-ios,airbnb,lottie-ios,,Objective-C,1764,13478,2.5.0,23,71,514
Chameleon,https://github.com/ViccAlexander/Chameleon,ViccAlexander,Chameleon,,Objective-C,1063,11056,2.2.0,18,24,342
iCarousel,https://github.com/nicklockwood/iCarousel,nicklockwood,iCarousel,,Objective-C,2400,10446,1.8.3,39,15,250
IQKeyboardManager,https://github.com/hackiftekhar/IQKeyboardManager,hackiftekhar,IQKeyboardManager,,Objective-C,1907,11353,6.0.0,64,55,1037
CocoaLumberjack,https://github.com/CocoaLumberjack/CocoaLumberjack,CocoaLumberjack,CocoaLumberjack,,Objective-C,1855,10122,3.4.2,51,142,1405
WebViewJavascriptBridge,https://github.com/marcuswestin/WebViewJavascriptBridge,marcuswestin,WebViewJavascriptBridge,,Objective-C,2372,10659,6.0.3,31,56,463
DZNEmptyDataSet,https://github.com/dzenbot/DZNEmptyDataSet,dzenbot,DZNEmptyDataSet,,Objective-C,1476,10190,1.8.1,23,38,448
CocoaAsyncSocket,https://github.com/robbiehanson/CocoaAsyncSocket,robbiehanson,CocoaAsyncSocket,,Objective-C,2575,9997,7.6.3,61,42,513
PNChart,https://github.com/kevinzhow/PNChart,kevinzhow,PNChart,,Objective-C,1808,9220,0.8.9,34,70,528
VVDocumenter-Xcode,https://github.com/onevcat/VVDocumenter-Xcode,onevcat,VVDocumenter-Xcode,,Objective-C,1678,8474,0.6,7,33,330
FLEX,https://github.com/Flipboard/FLEX,Flipboard,FLEX,,Objective-C,976,9054,2.4.0,16,42,535
bitbar,https://github.com/matryer/bitbar,matryer,bitbar,,Objective-C,368,9270,1.9.2,26,57,642
spectacle,https://github.com/eczarny/spectacle,eczarny,spectacle,,Objective-C,515,9457,1.2,47,23,679
SlackTextViewController,https://github.com/slackhq/SlackTextViewController,slackhq,SlackTextViewController,,Objective-C,1079,8391,1.9.6,35,64,1176
OpenEmu,https://github.com/OpenEmu/OpenEmu,OpenEmu,OpenEmu,,Objective-C,918,8693,2.0.61,18,73,5704
CodeIgniter,https://github.com/bcit-ci/CodeIgniter,bcit-ci,CodeIgniter,,PHP,7348,16018,3.1.8,35,432,9821
sympfony,https://github.com/symfony/symfony,symfony,symfony,,PHP,6179,17364,4.0.8,338,1626,36459
laravel,https://github.com/laravel/laravel,laravel,laravel,,PHP,13139,42384,5.6.0,83,444,5654
Faker,https://github.com/fzaninotto/Faker,fzaninotto,Faker,,PHP,2037,15452,1.7.0,9,351,2300
yii2,https://github.com/yiisoft/yii2,yiisoft,yii2,,PHP,6419,11877,2.0.15.1,29,980,18193
composer,https://github.com/composer/composer,composer,composer,,PHP,5088,14222,1.6.4,50,696,7955
guzzle,https://github.com/guzzle/guzzle,guzzle,guzzle,,PHP,1695,12393,6.3.3,115,279,3142
WordPress,https://github.com/WordPress/WordPress,WordPress,WordPress,,PHP,6428,10851,4.9.5,307,43,38127
PHPMailer,https://github.com/PHPMailer/PHPMailer,PHPMailer,PHPMailer,,PHP,6032,10941,6.0.5,49,145,1277
phabricator,https://github.com/phacility/phabricator,phacility,phabricator,,PHP,1270,9555,0,0,200,15266
sage,https://github.com/roots/sage,roots,sage,,PHP,2801,9262,8.5.4,51,181,2159
cphalcon,https://github.com/phalcon/cphalcon,phalcon,cphalcon,,PHP,1673,8884,3.3.2,88,218,9793
Slim,https://github.com/slimphp/Slim,slimphp,Slim,,PHP,1763,8917,3.10.0,83,181,3092
koel,https://github.com/phanan/koel,phanan,koel,,PHP,983,9001,3.7.2,30,37,1298
matomo,https://github.com/matomo-org/matomo,matomo-org,matomo,,PHP,1548,9202,3.5.0-b2,512,202,24883
framework,https://github.com/laravel/framework,laravel,framework,,PHP,5357,11985,5.6.17,332,1691,21056
grav,https://github.com/getgrav/grav,getgrav,grav,,PHP,877,8924,1.4.3,130,127,4095
cakephp,https://github.com/cakephp/cakephp,cakephp,cakephp,,PHP,3327,7520,3.6.1,312,504,35409
Mobile-Detect,https://github.com/serbanghita/Mobile-Detect,serbanghita,Mobile-Detect,,PHP,2086,7810,2.8.31,62,75,739
SecLists,https://github.com/danielmiessler/SecLists,danielmiessler,SecLists,,PHP,4247,12736,1.3,2,45,468
Cachet,https://github.com/CachetHQ/Cachet,CachetHQ,Cachet,,PHP,909,8020,2.3.14,50,136,5708
monolog,https://github.com/Seldaek/monolog,Seldaek,monolog,,PHP,1330,9974,1.23.0,37,281,1839
phpunit,https://github.com/sebastianbergmann/phpunit,sebastianbergmann,phpunit,,PHP,1596,9799,7.1.4,502,301,9495
api,https://github.com/dingo/api,dingo,api,,PHP,1044,7376,v2.0.0-alpha2,40,87,1196
october,https://github.com/octobercms/october,octobercms,october,,PHP,1712,6920,1.0.435,117,245,4271
paperwork,https://github.com/twostairs/paperwork,twostairs,paperwork,,PHP,628,6437,snapshot-3751d936,2,41,1342
Carbon,https://github.com/briannesbitt/Carbon,briannesbitt,Carbon,,PHP,938,8906,1.2.27,36,153,1331
laravel-debugbar,https://github.com/barryvdh/laravel-debugbar,barryvdh,laravel-debugbar,,PHP,752,7151,3.1.4,89,81,730
Goutte,https://github.com/FriendsOfPHP/Goutte,FriendsOfPHP,Goutte,,PHP,811,6321,3.1.0,21,65,296
image,https://github.com/Intervention/image,Intervention,image,,PHP,908,7022,2.4.1,101,64,583
flask,https://github.com/pallets/flask,pallets,flask,,Python,10666,34972,0.12.2,21,461,3241
thefuck,https://github.com/nvbn/thefuck,nvbn,thefuck,,Python,1747,34934,3.25,76,105,1463
django,https://github.com/django/django,django,django,,Python,14157,33410,2.0.4,184,1576,25658
httpie,https://github.com/jakubroztocil/httpie,jakubroztocil,httpie,,Python,2374,35017,0.9.8,70,29,967
youtube-dl,http://gittrends.io/#/repos/rg3/youtube-dl,rg3,youtube-dl,,Python,6660,36224,2018.04.16,981,612,16112
requests,https://github.com/requests/requests,requests,requests,,Python,5920,31944,2.18.4,131,497,5418
ansible,http://gittrends.io/#/repos/ansible/ansible,ansible,ansible,,Python,10988,29828,2.5.1,205,3415,36931
scrapy,https://github.com/scrapy/scrapy/,scrapy,scrapy,,Python,6708,26914,1.5.0,81,281,6616
scikit-learn,https://github.com/scikit-learn/scikit-learn,scikit-learn,scikit-learn,,Python,13827,27637,0.19.1,86,1065,22719
models,https://github.com/tensorflow/models,tensorflow,models,,Python,19019,33708,1.8.0,4,352,2204
certbot,https://github.com/certbot/certbot,certbot,certbot,,Python,2079,21973,0.23.0,53,305,8322
keras,https://github.com/keras-team/keras,keras-team,keras,,Python,28753,10660,2.1.6,41,656,4481
XX-Net,https://github.com/XX-net/XX-Net,XX-Net,XX-Net,,Python,6619,22454,3.11.9,254,62,1848
CppCoreGuidelines,https://github.com/isocpp/CppCoreGuidelines,isocpp,CppCoreGuidelines,,Python,2287,18165,0.8,4,199,1571
YouCompleteMe,https://github.com/Valloric/YouCompleteMe,Valloric,YouCompleteMe,,Python,1843,16131,master,0,126,2324
you-get,https://github.com/soimort/you-get,soimort,you-get,,Python,3780,18395,0.4.1060,117,123,1919
tornado,https://github.com/tornadoweb/tornado,tornadoweb,tornado,,Python,4539,15632,5.0.2,51,283,3749
reddit,https://github.com/reddit-archive/reddit,reddit-archive,reddit,,Python,2687,14458,master,0,184,7956
sentry,https://github.com/getsentry/sentry,getsentry,sentry,,Python,1952,16427,8.22.0,331,346,21160
CPython,https://github.com/python/cpython,python,cpython,,Python,5115,17334,3.6.5,352,527,101315
ipython,https://github.com/ipython/ipython,ipython,ipython,,Python,3590,12674,6.2.1,76,538,23092
source-code-pro,https://github.com/adobe-fonts/source-code-pro,adobe-fonts,source-code-pro,,Python,1085,12564,1.010,18,19,352
incubator-mxnet,https://github.com/apache/incubator-mxnet,apache,incubator-mxnet,,Python,5108,13791,1.2.0.rc1,46,520,7004
pandas,https://github.com/pandas-dev/pandas,pandas-dev,pandas,,Python,5671,13992,0.22.0,89,1149,17056
compose,https://github.com/docker/compose,docker,compose,,Python,1954,12550,1.21.0,108,277,4884
material-theme,https://github.com/equinusocio/material-theme,equinusocio,material-theme,,Python,735,10428,4.1.5,92,68,1467
jieba,https://github.com/fxsjy/jieba,fxsjy,jieba,,Python,3793,13078,0.39,24,31,490
pyspider,https://github.com/binux/pyspider,binux,pyspider,,Python,2816,11122,0.3.10,13,45,935
sqlmap,https://github.com/sqlmapproject/sqlmap,sqlmapproject,sqlmap,,Python,2533,11250,1.2,37,64,8156
ZeroNet,https://github.com/HelloZeroNet/ZeroNet,HelloZeroNet,ZeroNet,,Python,1527,11790,0.6.2,19,80,2168
discourse,https://github.com/discourse/discourse,discourse,discourse,,Ruby,6030,24827,1.9.5,256,635,27481
jekyll,https://github.com/jekyll/jekyll,jekyll,jekyll,,Ruby,7509,34048,3.8.0,128,766,9788
rails,https://github.com/rails/rails,rails,rails,,Ruby,15939,39414,5.2.0,346,3497,67083
gitlabhq,https://github.com/gitlabhq/gitlabhq,gitlabhq,gitlabhq,,Ruby,5395,20640,10.7.1,728,1494,72782
devise,https://github.com/plataformatec/devise,plataformatec,devise,,Ruby,4341,18549,4.4.3,129,518,3497
fastlane,https://github.com/fastlane/fastlane,fastlane,fastlane,,Ruby,3284,21531,2.93.1,905,826,14386
huginn,https://github.com/huginn/huginn,huginn,huginn,,Ruby,2040,18638,0,0,162,2983
vagrant,https://github.com/hashicorp/vagrant,hashicorp,vagrant,,Ruby,3403,16585,2.0.4,128,821,10892
ruby,https://github.com/ruby/ruby,ruby,ruby,,Ruby,3869,14261,2.5.1,1070,49,50604
bootstrap-sass,https://github.com/twbs/bootstrap-sass,twbs,bootstrap-sass,,Ruby,3371,12633,3.3.6,58,96,1009
homebrew-cask,https://github.com/caskroom/homebrew-cask,caskroom,homebrew-cask,,Ruby,6078,12818,0.60.1,114,4369,72268
diaspora,https://github.com/diaspora/diaspora,diaspora,diaspora,,Ruby,2905,11820,0.7.4.1,77,338,19522
sass,https://github.com/sass/sass,sass,sass,,Ruby,1974,11279,3.5.6,190,186,6454
mastodon,https://github.com/tootsuite/mastodon,tootsuite,mastodon,,Ruby,2405,13180,2.3.3,76,472,5323
capistrano,https://github.com/capistrano/capistrano,capistrano,capistrano,,Ruby,1663,10346,3.10.2,93,218,1600
CocoaPods,https://github.com/CocoaPods/CocoaPods,CocoaPods,CocoaPods,,Ruby,1906,10440,1.5.0,171,246,7478
octopress,https://github.com/imathis/octopress,imathis,octopress,,Ruby,2936,9555,2.0,1,114,857
sinatra,https://github.com/sinatra/sinatra,sinatra,sinatra,,Ruby,1782,9940,2.0.1,129,354,3937
metasploit-framework,https://github.com/rapid7/metasploit-framework,rapid7,metasploit-framework,,Ruby,6742,12144,4.16.52,214,526,46181
paperclip,https://github.com/thoughtbot/paperclip,thoughtbot,paperclip,,Ruby,2017,8951,6.0.0,102,358,1921
spree,https://github.com/spree/spree,spree,spree,,Ruby,4086,9150,v3.5.0.rc1,228,755,18301
brew,https://github.com/Homebrew/brew,Homebrew,brew,,Ruby,2813,12006,1.6.2,81,600,15454
bourbon,https://github.com/thoughtbot/bourbon,thoughtbot,bourbon,,Ruby,923,8578,5.0.0,94,103,1143
grape,https://github.com/ruby-grape/grape,ruby-grape,grape,,Ruby,1027,8437,1.0.3,45,307,2021
capybara,https://github.com/teamcapybara/capybara,teamcapybara,capybara,,Ruby,1212,8327,3.0.2,84,239,2991
fpm,https://github.com/jordansissel/fpm,jordansissel,fpm,,Ruby,858,8442,1.9.3,78,225,2067
rubocop,https://github.com/bbatsov/rubocop,bbatsov,rubocop,,Ruby,1736,8951,0.55,95,480,7029
resque,https://github.com/resque/resque,resque,resque,,Ruby,1522,8195,v1.25.0.pre,76,202,1634
logstash,https://github.com/elastic/logstash,elastic,logstash,,Ruby,2441,8886,5.6.9,163,382,8778
sidekiq,https://github.com/mperham/sidekiq,mperham,sidekiq,,Ruby,1474,8567,5.1.3,120,373,3407
Rust,https://github.com/rust-lang/rust,rust-lang,rust,,Rust,4868,27838,1.25.0,53,2065,77234
xi-editor,https://github.com/google/xi-editor,google,xi-editor,,Rust,432,12232,0.2.0,1,78,1210
ripgrep,https://github.com/BurntSushi/ripgrep,BurntSushi,ripgrep,,Rust,342,8633,0.8.1,102,148,945
alacritty,https://github.com/jwilm/alacritty,jwilm,alacritty,,Rust,406,10359,0,0,128,761
leaf,https://github.com/autumnai/leaf,autummai,leaf,,Rust,269,5262,0.2.1,6,14,164
iron,https://github.com/iron/iron,iron,iron,,Rust,352,4874,0.6.0,7,77,896
coreutils,https://github.com/uutils/coreutils,uutils,coreutils,,Rust,366,4034,0,0,142,2501
exa,https://github.com/ogham/exa,ogham,exa,,Rust,139,4252,0.8.2,10,50,1085
hyper,https://github.com/hyperium/hyper,hyperium/hyper,hyper,,Rust,562,3416,0.11.24,117,173,1717
Rocket,https://github.com/SergioBenitez/Rocket,SergioBenitez,Rocket,,Rust,280,4354,0.3.8,34,86,983
cargo,https://github.com/rust-lang/cargo,rust-lang,cargo,,Rust,754,3111,0.26.0,30,449,5885
tfs,https://github.com/redox-os/tfs,redox-os,tfs,,Rust,106,2546,master,0,16,507
racer,https://github.com/racer-rust/racer,racer-rust,racer,,Rust,225,2427,2.0.12,26,117,1206
mio,https://github.com/carllerche/mio,carllerche,mio,,Rust,309,2492,0.6.14,19,120,652
tikv,https://github.com/pingcap/tikv,pingcap,tikv,,Rust,384,3072,2.0.0,25,67,2791
nickel.rs,https://github.com/nickel-org/nickel.rs,nickel-org,nickel.rs,,Rust,148,2090,0.9.0,12,54,626
piston,https://github.com/PistonDevelopers/piston,PistonDevelopers,piston,,Rust,163,2263,0.33.0,3,68,1810
diesel,https://github.com/diesel-rs/diesel,diesel-rs,diesel,,Rust,260,2628,1.2.0,49,106,2438
parity,https://github.com/paritytech/parity,paritytech,parity,,Rust,813,4111,v1.10.2,156,127,11198
neon,https://github.com/neon-bindings/neon,neon-bindings,neon,,Rust,94,2436,0.1.22,20,28,589
futures-rs,https://github.com/rust-lang-nursery/futures-rs,rust-lang-nursery,futures-rs,,Rust,233,1982,0.2.1,32,150,1892
rust-doom,https://github.com/cristicbz/rust-doom,cristicbz,rust-doom,,Rust,67,1642,master,0,10,386
wtftw,https://github.com/Kintaro/wtftw,Kintaro,wtftw,,Rust,58,1548,1.2,1,19,325
nom,https://github.com/Geal/nom,Geal,nom,,Rust,249,2000,4.0.0-beta2,48,100,1786
notty,https://github.com/withoutboats/notty,withoutboats,notty,,Rust,37,1705,master,0,12,140
rust-clippy,https://github.com/rust-lang-nursery/rust-clippy,rust-lang-nursery,rust-clippy,,Rust,282,2059,0.0.195,126,180,3779
helix,https://github.com/tildeio/helix,tildeio,helix,,Rust,58,1597,0.7.3,13,17,320
glium,https://github.com/glium/glium,glium,glium,,Rust,172,1542,0.13.5,43,95,2615
rustup.rs,https://github.com/rust-lang-nursery/rustup.rs,rust-lang-nursery,rustup.rs,,Rust,268,1740,1.3.0,30,138,1799
xsv,https://github.com/BurntSushi/xsv,BurntSushi,xsv,,Rust,79,1768,0.12.2,92,21,388
spark,https://github.com/apache/spark,apache,spark,,Scala,15627,17064,2.3.0,59,1220,21802
predictionio,https://github.com/apache/predictionio,apache,predictionio,,Scala,1811,11242,v0.12.0-incubating,47,126,4383
playframework,https://github.com/playframework/playframework,playframework,playframework,,Scala,3518,10368,2.6.13,143,658,8700
scala,https://github.com/scala/scala,scala,scala,,Scala,2410,10111,2.12.5,124,368,29428
akka,https://github.com/akka/akka,akka,akka,,Scala,2695,8470,2.5.12,240,531,22147
gitbucket,https://github.com/gitbucket/gitbucket,gitbucket,gitbucket,,Scala,964,7015,4.23.1,79,131,4379
finagle,https://github.com/twitter/finagle,twitter,finagle,,Scala,1183,6416,18.4.0,79,208,6094
aerosolve,https://github.com/airbnb/aerosolve,airbnb,aerosolve,,Scala,557,4328,0.1.113,98,23,1064
kafka-manager,https://github.com/yahoo/kafka-manager,yahoo,kafka-manager,,Scala,1349,5144,1.3.3.17,30,44,534
chronos,https://github.com/mesos/chronos,mesos,chronos,,Scala,542,3954,2.5.0,17,105,1138
snowplow,https://github.com/snowplow/snowplow,snowplow,snowplow,,Scala,881,4002,r103-paestum,316,56,5724
marathon,https://github.com/mesosphere/marathon,mesosphere,marathon,,Scala,841,3650,1.5.8,236,258,6301
bfg-repo-cleaner,https://github.com/rtyley/bfg-repo-cleaner,rtyley,bfg-repo-cleaner,,Scala,205,4016,1.13.0,61,5,465
lila,https://github.com/ornicar/lila,ornicar,lila,,Scala,660,4038,1.1.0,3,95,28958
scalaz,https://github.com/scalaz/scalaz,scalaz,scalaz,,Scala,586,3648,7.2.22,118,163,6266
sbt,https://github.com/sbt/sbt,sbt,sbt,,Scala,675,3521,1.1.4,169,175,6182
gatling,https://github.com/gatling/gatling,gatling,gatling,,Scala,771,3584,2.2.0,60,108,7365
flockdb,https://github.com/twitter-archive/flockdb,twitter-archive,flockdb,,Scala,261,3140,1.8.5,21,12,740
scala-js,https://github.com/scala-js/scala-js,scala-js,scala-js,,Scala,293,3336,v1.0.0-M3,55,59,4609
scala-native,https://github.com/scala-native/scala-native,scala-native,scala-native,,Scala,221,3265,0.3.7,11,75,1060
scalding,https://github.com/twitter/scalding,twitter,scalding,,Scala,646,2988,0.17.4,79,134,4085
kestrel,https://github.com/twitter-archive/kestrel,twitter-archive,kestrel,,Scala,324,2793,2.4.1,30,23,1146
spray,https://github.com/spray/spray,spray,spray,,Scala,605,2550,1.3.3,67,72,2663
linkerd,https://github.com/linkerd/linkerd,linkerd,linkerd,,Scala,394,3955,1.4.0-rc1,59,70,1212
scalatra,https://github.com/scalatra/scalatra,scalatra,scalatra,,Scala,330,2275,2.6.3,112,94,3070
breeze,https://github.com/scalanlp/breeze,scalanlp,breeze,,Scala,609,2542,releases/v1.0-RC2,30,89,3431
shapeless,https://github.com/milessabin/shapeless,milessabin,shapeless,,Scala,400,2453,2.3.3,33,105,1955
twitter-archive,https://github.com/twitter-archive/gizzard,twitter-archive,gizzard,,Scala,209,2156,version-3.0.2,45,16,1392
scaloid,https://github.com/pocorall/scaloid,pocorall,scaloid,,Scala,171,2098,4.2,31,16,893
cats,https://github.com/typelevel/cats,typelevel,cats,,Scala,596,2490,1.1.0,26,209,3454
Alamofire,https://github.com/Alamofire/Alamofire,Alamofire,Alamofire,,Swift,4903,27669,4.7.2,55,159,1248
ReactiveCocoa,https://github.com/ReactiveCocoa/ReactiveCocoa,ReactiveCocoa,ReactiveCocoa,,Swift,3444,18640,7.2.0,147,200,8505
Charts,https://github.com/danielgindi/Charts,danielgindi,Charts,,Swift,3420,18037,3.3.1,27,91,1517
SwiftyJSON,https://github.com/SwiftyJSON/SwiftyJSON,SwiftyJSON,SwiftyJSON,,Swift,2850,16788,4.1.0,24,127,706
Perfect,https://github.com/PerfectlySoft/Perfect,PerfectlySoft,Perfect,,Swift,921,12841,3.0.5,87,47,782
Spring,https://github.com/MengTo/Spring,MengTo,Spring,,Swift,1378,12127,1.0.5,28,7,245
vapor,https://github.com/vapor/vapor,vapor,vapor,,Swift,842,13475,2.4.4,232,105,4979
SnapKit,https://github.com/SnapKit/SnapKit,SnapKit,SnapKit,,Swift,1247,12532,4.0.0,38,46,465
RxSwift,https://github.com/ReactiveX/RxSwift,ReactiveX,RxSwift,,Swift,2042,13101,4.1.2,60,228,2953
Hero,https://github.com/lkzhao/Hero,lkzhao,Hero,,Swift,1003,13372,1.2.0,31,46,424
Carthage,https://github.com/Carthage/Carthage,Carthage,Carthage,,Swift,1056,11413,0.29.0,63,125,3762
Kingfisher,https://github.com/onevcat/Kingfisher,onevcat,Kingfisher,,Swift,1299,11548,4.7.0,89,109,1285
Aerial,https://github.com/JohnCoates/Aerial,JohnCoates,Aerial,,Swift,593,10991,1.2,8,14,132
Material,https://github.com/CosmicMind/Material,CosmicMind,Material,,Swift,1028,9713,2.14.0,36,267,2170
PromiseKit,https://github.com/mxcl/PromiseKit,mxcl,PromiseKit,,Swift,847,9324,6.2.3,108,155,1124
animated-tab-bar,https://github.com/Ramotion/animated-tab-bar,Ramotion,animated-tab-bar,,Swift,1164,8867,3.1.0,50,36,298
SwiftLint,https://github.com/Realm/SwiftLint,Realm,SwiftLint,,Swift,886,9235,0.25.1,49,153,3787
mozilla-mobile,https://github.com/mozilla-mobile/firefox-ios,mozilla-mobile,firefox-ios,,Swift,1770,7977,10.6,91,108,6820
iina,https://github.com/lhc70000/iina,lhc70000,iina,,Swift,899,11644,v1.0.0-beta1,32,45,1928
Quick,https://github.com/Quick/Quick,Quick,Quick,,Swift,708,7450,1.3.0,22,108,1429
Moya,https://github.com/Moya/Moya,Moya,Moya,,Swift,1008,8626,11.0.2,80,173,2703
Eureka,https://github.com/xmartlabs/Eureka,xmartlabs,Eureka,,Swift,926,8271,4.1.1,18,101,695
IBAnimatable,https://github.com/IBAnimatable/IBAnimatable,IBAnimatable,IBAnimatable,,Swift,669,7337,5.1.0,26,31,2086
folding-cell,https://github.com/Ramotion/folding-cell,Ramotion,folding-cell,,Swift,915,7712,3.0.6,38,20,283
ObjectMapper,https://github.com/Hearst-DD/ObjectMapper,Hearst-DD,ObjectMapper,,Swift,776,7080,3.1.0,48,84,924
Kitura,https://github.com/IBM-Swift/Kitura,IBM-Swift,Kitura,,Swift,431,6458,2.3.0,132,59,1041
WWDC,https://github.com/insidegui/WWDC,insidegui,WWDC,,Swift,537,6225,5.3,65,45,1168
Cartography,https://github.com/robb/Cartography,robb,Cartography,,Swift,465,6323,3.0.1,18,38,478
LTMorphingLabel,https://github.com/lexrus/LTMorphingLabel,lexrus,LTMorphingLabel,,Swift,663,6311,0.5.3,22,11,161
swift-package-manager,https://github.com/apple/swift-package-manager,apple,swift-package-manager,,Swift,701,6231,swift-DEVELOPMENT-SNAPSHOT-2018-04-25-a,721,179,3562
vscode,https://github.com/Microsoft/vscode,microsoft,vscode,,TypeScript,6516,48548,1.22.2,95,565,32758
ionic,https://github.com/ionic-team/ionic,ionic-team,ionic,,TypeScript,10822,33972,0.2.2,130,235,7967
angular,https://github.com/angular/angular,angular,angular,,TypeScript,8633,35438,5.2.10,220,622,10253
typescript,https://github.com/microsoft/typescript,microsoft,typescript,,TypeScript,4850,33412,2.8.3,66,286,22827
upterm,https://github.com/railsware/upterm,railsware,upterm,,TypeScript,574,18521,0.4.3,259,56,2959
ant-design,https://github.com/ant-design/ant-design,ant-design,ant-design,,TypeScript,8088,27392,3.4.3,212,487,11192
ui-router,https://github.com/angular-ui/ui-router/,ui-router,ui-router,,TypeScript,3349,13832,1.0.15,59,163,1948
angular-cli,https://github.com/angular/angular-cli,angular,angular-cli,,TypeScript,3748,17148,1.7.4,191,337,2425
NativeScript,https://github.com/NativeScript/NativeScript,NativeScript,NativeScript,,TypeScript,1021,13332,4.0.0,38,112,4779
material2,https://github.com/angular/material2,angular,material2,,TypeScript,3464,14034,5.2.5,51,252,3646
chromeless,https://github.com/graphcool/chromeless,graphcool,chromeless,,TypeScript,503,12509,1.5.0,7,39,547
satellizer,https://github.com/sahat/satellizer,sahat,satellizer,,TypeScript,1289,8118,0.15.5,55,126,2116
rxjs,https://github.com/ReactiveX/rxjs,ReactiveX,rxjs,,TypeScript,1137,12089,6.0.0,94,214,3064
ngx-admin,https://github.com/akveo/ngx-admin,akveo,ngx-admin,,TypeScript,3823,11267,2.1.1,16,14,412
cyclejs,https://github.com/cyclejs/cyclejs,cyclejs,cyclejs,,TypeScript,346,8313,unified-tag,89,101,2875
blueprint,https://github.com/palantir/blueprint,palantir,blueprint,,TypeScript,626,9091,@blueprintjs/core@2.2.1,185,101,1177
Eve,https://github.com/witheve/Eve,witheve,Eve,,TypeScript,239,6694,0.2.3,12,32,3202
google-api-nodejs-client,https://github.com/google/google-api-nodejs-client,google,google-api-nodejs-client,,TypeScript,1012,6230,29.0.0,83,111,1027
Babylon.js,https://github.com/BabylonJS/Babylon.js,BabylonJS,Babylon.js,,TypeScript,1437,6516,3.1.0,58,182,12220
tensorflow,https://github.com/tensorflow/playground,tensorflow,playground,,TypeScript,1295,6677,master,0,12,216
reactxp,https://github.com/Microsoft/reactxp,Microsoft,reactxp,,TypeScript,408,6071,0.42.0-rc.25,10,70,653
svelte,https://github.com/sveltejs/svelte,sveltejs,svelte,,TypeScript,248,6896,2.1.1,187,53,2478
angular-seed,https://github.com/mgechev/angular-seed,mgechev,angular-seed,,TypeScript,1715,4645,4.0.0,62,169,2129
winjs,https://github.com/winjs/winjs,winjs,winjs,,TypeScript,493,4013,4.4.4,16,36,1770
esprima,https://github.com/jquery/esprima,jquery,esprima,,TypeScript,630,4428,4.0.0,31,56,1198
intern,https://github.com/theintern/intern,theintern,intern,,TypeScript,299,3978,4.2.0,105,47,1246
postgraphile,https://github.com/graphile/postgraphile,graphile,postgraphile,,TypeScript,264,5129,v4.0.0-beta.4,77,61,875
apollo-client,https://github.com/apollographql/apollo-client,apollographql,apollo-client,,TypeScript,746,6952,graphql-anywhere@4.1.7,339,258,4385
ng-bootstrap,https://github.com/ng-bootstrap/ng-bootstrap,ng-bootstrap,ng-bootstrap,,TypeScript,851,5287,1.1.2,49,77,1065
shumway,https://github.com/mozilla/shumway,mozilla,shumway,,TypeScript,358,3458,master,0,39,9351